{
  "arabica": [
    {
      "foto": "images/produk/product_capuchino.jpg",
      "nama": "Cappuccino Arabica",
      "size": "500 Gram",
      "harga": "200.000",
      "link": "https://www.google.com/search?q=cappuccino+arabica&tbm=shop"
    },
    {
      "foto": "images/produk/product_espresso.jpg",
      "nama": "Pahit Arabica",
      "size": "100 Gram",
      "harga": "100.000",
      "link": "https://www.google.com/search?q=pahit+arabica&tbm=shop"
    },
    {
      "foto": "images/produk/product_latte.jpg",
      "nama": "Latte Arabica",
      "size": "150 Gram",
      "harga": "150.000",
      "link": "https://www.google.com/search?q=latte+arabica&tbm=shop"
    }
  ],
  "robusta": [
    {
      "foto": "images/produk/product_kopi_susu.jpg",
      "nama": "Kopsus Robusta",
      "size": "100 Gram",
      "harga": "80.000",
      "link": "https://www.google.com/search?q=kopi+susu+robusta&tbm=shop"
    },
    {
      "foto": "images/produk/product_latte.jpg",
      "nama": "Latte Robusta",
      "size": "150 Gram",
      "harga": "150.000",
      "link": "https://www.google.com/search?q=latte+robusta&tbm=shop"
    }
  ],
  "nonkopi": [
    {
      "foto": "https://img.freepik.com/free-photo/top-view-set-ice-cream-cones-with-chocolate_23-2148425392.jpg",
      "nama": "Ice Cream",
      "size": "100 Gram",
      "harga": "10.000",
      "link": "https://www.google.com/search?q=ice+cream+cone&tbm=shop"
    }
  ],
  "camilan": [
    {
      "nama": "Kentang Goreng",
      "size": "150gr",
      "harga": "15.000",
      "link": "#",
      "foto": "https://encrypted-tbn0.gstatic.com/images?q=tbn:ANd9GcQixnm5AxJFnCW8kDlUuotYfqkZi3g9s5luhw&usqp=CAU"
    }
    ]}
    